#Leaf_name	Clade_name	Clade_desc
kalimantacin_batumin_Bat21_KS2_AAGly	Clade_1	amino acids
FR901464_Fr9D1_KS4_AAthr	Clade_1	amino acids
thailanstatin_TstDEF1_KS4_AAthr	Clade_1	amino acids
psymberin_PsyD2_KS4_AAgly	Clade_1	amino acids
myxovirescin_Ta11_KS1_AAgly	Clade_1	amino acids
thailandamide_TaiE1_KS5_AAala	Clade_1	amino acids
calyculin_CalB2_KS4_AAgly	Clade_1	amino acids
calyculin_CalH2_KS26_AAala	Clade_1	amino acids
bacillaene_Bsub_PksN1_KS11_AAala	Clade_1	amino acids
bacillaene_Bamy_BaeN1_KS10_AAala	Clade_1	amino acids
bacillaene_Bamy_BaeJ1_KS1_Agly	Clade_1	amino acids
bacillaene_Bsub_PksJ1_KS1_AAgly	Clade_1	amino acids
calyculin_CalA_KS1_KS0AAser	Clade_1	amino acids
pederin_PedF2_KS5_AAgly	Clade_1	amino acids
diaphorin_DipT2_KS5_AAgly	Clade_1	amino acids
nosperin_NspC2_KS5_AAgly	Clade_1	amino acids
onnamide_OnnI2_KS5_AAgly	Clade_1	amino acids
griseoviridin_SgvE21_KS3_AAgly	Clade_2	amino acids
virginiamycin_VirA3_KS3_AAgly	Clade_2	amino acids
oxazolomycin_OzmQ1_KS1_AAgly	Clade_2	amino acids
oxazolomycin_OzmN1_KS2_AAoxa	Clade_2	amino acids
malleilactone_burkholderic_acid_BurA1_KS1_unusualStarter	Clade_2	amino acids
oxazolomycin_OzmH4_KS8_0eDB	Clade_3	bimod_bOH
difficidin_DifG2_KS5_0Hbimod_bOH	Clade_3	bimod_bOH
misakinolide_MisE4_KS14_0bLOH	Clade_3	bimod_bOH
tolytoxin_TtoE8_KS14_0bimod_bDOH	Clade_3	bimod_bOH
luminaolid_LumD4_KS14_0bimod_bDOH	Clade_3	bimod_bOH
thailandamide_TaiK2_KS8_0bOH	Clade_3	bimod_bOH
kalimantacin_batuminBat26_KS7_0bimod_bOH	Clade_3	bimod_bOH
sorangicin_SorH3_KS22_0bimod_bOH	Clade_3	bimod_bOH
bongkrekic_acid_BonA6_KS6_0bimod_bOH	Clade_3	bimod_bOH
sorangicin_SorA7_KS7_0bimod_bOH	Clade_3	bimod_bOH
bacillaene_Bsub_PksL4_KS7_Obimod_bOH	Clade_3	bimod_bOH
bacillaene_Bamy_BaeL4_KS7_0Hbimod_bOH	Clade_3	bimod_bOH
bacillaene_Bsub_PksJ3_KS3_OHbimod_OH	Clade_3	bimod_bOH
bacillaene_Bamy_BaeJ3_KS3_0Hbimod_bOH	Clade_3	bimod_bOH
difficidin_DifJ2_KS12_obimod_bOH	Clade_3	bimod_bOH
leinamycin_LnmI3_KS3_zDB	Clade_4	bimod_bOH
tartrolon_TrtD_KS33_bimod_bOH	Clade_4	bimod_bOH
kirromycin_KirAI2_KS2_zcrotonyl	Clade_4	bimod_bOH
kirromycin_KirAIV5_KS11_bDOH	Clade_4	bimod_bOH
etnangien_EtnG4_KS14_0bOH	Clade_4	bimod_bOH
difficidin_DifI4_KS10_bimod_bOH	Clade_4	bimod_bOH
elansolid_Csan_ElaO2_KS7_bimod_bDOH	Clade_4	bimod_bOH
elansolid_Cpin_ElsN2_KS7_bimod_bDOH	Clade_4	bimod_bOH
basiliskamides_P615_BasE3_KS3_bOH	Clade_4	bimod_bOH
macrolactin_MlnE2_KS8_bimod_bOH	Clade_4	bimod_bOH
macrolactin_MlnG1_KS11_bimod_bOH	Clade_4	bimod_bOH
chivosazole_ChiD3_KS12_bimod_bOH	Clade_4	bimod_bOH
chivosazole_ChiF2_KS16_bimod_bOH	Clade_4	bimod_bOH
chivosazole_ChiC2_KS5_bimod_bOH	Clade_4	bimod_bOH
tartrolon_TrtE3_KS6_red	Clade_5	shifted_double_bonds
rhizoxins_RhiE1_KS1_aMeshDB	Clade_5	shifted_double_bonds
nosperin_NspC4_KS7_aMeshDB	Clade_5	shifted_double_bonds
onnamide_OnnJ1_KS11_bOH	Clade_5	shifted_double_bonds
calyculin_CalI1_KS24_shDB	Clade_5	shifted_double_bonds
etnangien_EtnD1_KS1_unusualStarters_Succ	Clade_6	unusual_Starter_AMT
sorangicin_SorA1_KS1_unusualStarter	Clade_6	unusual_Starter_AMT
dorrigocin_migrastatin_MgsE1_KS1_unusualStarter_AMT	Clade_6	unusual_Starter_AMT
9-methylstreptimidone_SmdI1_KS1_unusualstarter_AMT	Clade_6	unusual_Starter_AMT
cycloheximide_ChxE1_KS1_unusualStarter_AMT	Clade_6	unusual_Starter_AMT
thailandamide_TaiD1_KS1_aromaticStarter	Clade_104	acetyl/aromatic Starter
thiomarinol_TmpD1_KS1_acetylStarter	Clade_104	acetyl/aromatic Starter
mupirocin_MmpD1_KS1_acetylStarter	Clade_104	acetyl/aromatic Starter
kalimantacin_batumin_Bat11_KS1_AcStarter	Clade_8	GNAT_Starter
onnamide_OnnB1_KS1_GNATstarter	Clade_8	GNAT_Starter
nosperin_NspA1_KS1_GNATstarter	Clade_8	GNAT_Starter
pederin_PedI1_KS1_GNATStarter	Clade_8	GNAT_Starter
diaphorin_DipP1_KS1_GNATstarter	Clade_8	GNAT_Starter
psymberin_PsyA1_KS1_GNATStarter	Clade_8	GNAT_Starter
basiliskamides_P615_14890_KS5_eDB	Clade_8	GNAT_Starter
bryostatin_BryX1_KS14_GNATstarter	Clade_8	GNAT_Starter
calyculin_CalE2_KS11_aketo	Clade_8	GNAT_Starter
griseoviridin_SgvE11_KS1_acetylStarter	Clade_7	Starter
virginiamycin_VirA1_KS1_unusualstarter	Clade_7	Starter
kirromycin_KirAI1_KS1_AcStarter	Clade_7	Starter
albicidin_AlbI1_KS1_aromaticStarter_AL	Clade_10	aromatic_Starter
elansolid_Cpin_ElsI1_KS1_aromaticstarter	Clade_10	aromatic_Starter
elansolid_Csan_ElaJ1_KS1_aromaticstarter	Clade_10	aromatic_Starter
oocydin_Ddad_OocL1_KS3_rearrangement	Clade_11	oxygen_insertion
oocydin_Smar_OocL1_KS3_rearrangement	Clade_11	oxygen_insertion
pederin_PedH1_KS10_rearrangement	Clade_11	oxygen_insertion
diaphorin_DipO1_KS10_rearrangement	Clade_11	oxygen_insertion
sorangicin_SorB4_KS11_red	Clade_12	reduced/shifted_double_bonds
sorangicin_SorA2_KS2_red	Clade_12	reduced/shifted_double_bonds
bacillaene_Bamy_BaeJ2_KS2_red	Clade_12	reduced/shifted_double_bonds
bacillaene_Bsub_PksJ2_KS2_red	Clade_12	reduced/shifted_double_bonds
difficidin_DifF3_KS3_red	Clade_12	reduced/shifted_double_bonds
difficidin_DifI3_KS9_red	Clade_12	reduced/shifted_double_bonds
bacillaene_Bamy_BaeN2_KS11_shDB	Clade_12	reduced/shifted_double_bonds
bacillaene_Bsub_PksN2_KS12_shDB	Clade_12	reduced/shifted_double_bonds
bacillaene_Bsub_PksN3_KS13_shDB	Clade_12	reduced/shifted_double_bonds
bacillaene_Bamy_BaeN3_KS12_shDB	Clade_12	reduced/shifted_double_bonds
calyculin_CalE3_KS12_aDMebLOH	Clade_12	reduced/shifted_double_bonds
pederin_PedH2_KS11_red	Clade_12	reduced/shifted_double_bonds
diaphorin_DipO2_KS11_DB	Clade_12	reduced/shifted_double_bonds
calyculin_CalA2_KS2_AAser	Clade_12	reduced/shifted_double_bonds
phormidolide_phmE_3_KS3_bOH	Clade_12	reduced/shifted_double_bonds
oocydin_Smar_OocR2_KS12_shDB	Clade_12	reduced/shifted_double_bonds
oocydin_Ddad_OocR2_KS12_shDB	Clade_12	reduced/shifted_double_bonds
oocydin_Smar_OocN5_KS9_red	Clade_12	reduced/shifted_double_bonds
oocydin_Ddad_OocN5_KS9_red	Clade_12	reduced/shifted_double_bonds
dorrigocin_migrastatin_MgsF6_KS9_eDB	Clade_12	reduced/shifted_double_bonds
dorrigocin_migrastatin_MgsG1_KS10_red	Clade_12	reduced/shifted_double_bonds
myxovirescin_Ta15_KS5_red	Clade_12	reduced/shifted_double_bonds
myxovirescin_TaO3_KS10_bketo	Clade_12	reduced/shifted_double_bonds
rhizoxins_RhiD2_KS10_shD	Clade_12	reduced/shifted_double_bonds
myxovirescin_TaO4_KS11_red	Clade_12	reduced/shifted_double_bonds
kalimantacin_batumin_Bat32_KS9_eDB	Clade_12	reduced/shifted_double_bonds
bongkrekic_acid_BonB2_KS8_red	Clade_12	reduced/shifted_double_bonds
myxovirescin_TaO2_KS9_red	Clade_12	reduced/shifted_double_bonds
thiomarinol_TmpB2_KS9_0rearrangement	Clade_12	reduced/shifted_double_bonds
etnangien_EtnG1_KS11_red	Clade_12	reduced/shifted_double_bonds
myxopyronin_MxnI1_KS1_unusualstarter	Clade_19	methoxycarbonyl_Starter
corallopyronin_CorI1_KS1_unusualStarter_methoxycarbonyl	Clade_19	methoxycarbonyl_Starter
kirromycin_KirAIV3_KS9_aMebketo	Clade_22	aMe_bketo/bOH
kirromycin_KirAII2_KS4_diMbLOH	Clade_22	aMe_bketo/bOH
kirromycin_KirAII3_KS5_bDOH	Clade_22	aMe_bketo/bOH
onnamide_OnnI5_KS8_pyran	Clade_23	pyran/furan
diaphorin_DipT5_KS8_pyran	Clade_23	pyran/furan
pederin_PedF5_KS8_pyran	Clade_23	pyran/furan
misakinolide_MisF2_KS16_pyran	Clade_23	pyran/furan
tolytoxin_TtoF2_KS16_pyran	Clade_23	pyran/furan
luminaolid_LumE2_KS16_pyran	Clade_23	pyran/furan
thailanstatin_TstDEF3_KS6_pyran	Clade_23	pyran/furan
FR901464_Fr9F3_KS6_pyran	Clade_23	pyran/furan
phormidolide_phmH_4_KS12_furan	Clade_23	pyran/furan
sorangicin_SorB2_KS9_pyran	Clade_23	pyran/furan
sorangicin_SorE2_KS16_pyran	Clade_23	pyran/furan
sorangicin_SorH1_KS20_pyrane	Clade_23	pyran/furan
bryostatin_BryC2_KS9_pyran	Clade_23	pyran/furan
oocydin_Smar_OocN4_KS8_furan	Clade_23	pyran/furan
oocydin_Ddad_OocN4_KS8_furan	Clade_23	pyran/furan
psymberin_PsyD5_KS7_pyran	Clade_23	pyran/furan
macrolactin_MlnB3_KS3_red	Clade_26	reduced
corallopyronin_CorK3_KS9_red	Clade_26	reduced
myxopyronin_MxnK3_KS9_red	Clade_26	reduced
corallopyronin_CorL2_KS11_red	Clade_26	reduced
myxopyronin_MxnJ3_KS6_redaLMe	Clade_105	reduced/shifted double_bonds
corallopyronin_CorJ3_KS6_aDMe	Clade_105	reduced/shifted double_bonds
luminaolid_LumA2_KS2_aDMeshDB	Clade_105	reduced/shifted double_bonds
tolytoxin_TtoC2_KS2_aDMeshDB	Clade_105	reduced/shifted double_bonds
leinamycin_LnmJ4_KS7_red	Clade_105	reduced/shifted double_bonds
anthracimycin_AtcD3_KS3_eDB	Clade_107	eDB
chlorotonil_CtoC3_KS3_eDB	Clade_107	eDB
misakinolide_MisC2_KS2_bDOH	Clade_29	b_OH/keto
macrolactin_MlnD2_KS6_bDOH	Clade_29	b_OH/keto
legioliulin_LglD3_KS3_bketo	Clade_29	b_OH/keto
kirromycin_KirAIV4_KS10_bLOH	Clade_29	b_OH/keto
anthracimycin_AtcF3_KS10_bketo	Clade_29	b_OH/keto
chlorotonil_CtoE2_KS10_bketo	Clade_29	b_OH/keto
chivosazole_ChiC5_KS8_bLOH	Clade_29	b_OH/keto
oxazolomycin_OzmH2_KS6_AAgly	Clade_30	glycine
rhizopodin_RizB1_KS1_AAgly	Clade_30	glycine
tolytoxin_TtoC1_KS1_AAgly	Clade_30	glycine
luminaolid_LumA1_KS1_AAgly	Clade_30	glycine
myxopyronin_MxnI2_KS2_AAgly	Clade_30	glycine
corallopyronin_CorI2_KS2_AAGly	Clade_30	glycine
corallopyronin_CorI3_KS3_0bimod_eDB	Clade_31	eDB
myxopyronin_MxnI3_KS3_biMod_eDB	Clade_31	eDB
rhizopodin_RizB2_KS2_eDB	Clade_31	eDB
thailandamide_TaiD4_KS4_0redaDMe	Clade_33	non_elongating
rhizoxins_RhiA1_KS1_0GNATStarter	Clade_33	non_elongating
bacillaene_Bsub_PksR2_KS15_OshDBaMe	Clade_33	non_elongating
bacillaene_Bamy_BaeR2_KS14_0shDBMe	Clade_33	non_elongating
calyculin_CalH1_KS25_bMeDB	Clade_33	non_elongating
calyculin_CalB4_KS6_0redaLMe	Clade_33	non_elongating
oocydin_Ddad_OocN6_KS10_0bketo	Clade_33	non_elongating
oocydin_Smar_OocN6_KS10_0bketo	Clade_33	non_elongating
rhizopodin_RizE3_KS19_0bLOH	Clade_34	non_elongating_hemiacetal/b_OH
oocydin_Ddad_OocR1_KS11_obimod_bOH	Clade_34	non_elongating_hemiacetal/b_OH
oocydin_Smar_OocR1_KS11_0bimod_bOH	Clade_34	non_elongating_hemiacetal/b_OH
myxovirescin_Ta13_KS3_0bLOH	Clade_34	non_elongating_hemiacetal/b_OH
diaphorin_DipT1_KS4_0acetal	Clade_34	non_elongating_hemiacetal/b_OH
pederin_PedF1_KS4_0hacetal	Clade_34	non_elongating_hemiacetal/b_OH
onnamide_OnnI1_KS4_0hacetale	Clade_34	non_elongating_hemiacetal/b_OH
nosperin_NspC1_KS4_0hacetal	Clade_34	non_elongating_hemiacetal/b_OH
psymberin_PsyD1_KS3_bimod_0bLOH	Clade_34	non_elongating_hemiacetal/b_OH
calyculin_CalB1_KS3_KS0_bLOH	Clade_34	non_elongating_hemiacetal/b_OH
phormidolide_phmH_1_KS9_0aMebOH	Clade_34	non_elongating_hemiacetal/b_OH
oocydin_Ddad_OocN1_KS5_0aDOHbLOH	Clade_34	non_elongating_hemiacetal/b_OH
oocydin_Smar_OocN1_KS5_0aDOHbLOH	Clade_34	non_elongating_hemiacetal/b_OH
calyculin_CalF1_KS16_0_bLOH_aLMebLOH	Clade_34	non_elongating_hemiacetal/b_OH
thiomarinol_TmpA1_KS5_0bDOH	Clade_34	non_elongating_hemiacetal/b_OH
mupirocin_MmpA1_KS5_0bDOH	Clade_34	non_elongating_hemiacetal/b_OH
tartrolon_TrtE2_KS5_0red	Clade_36	non_elongating_reduced/bOH
thailanstatin_TstI1_KS11_0bDOH	Clade_36	non_elongating_reduced/bOH
FR901464_Fr9I1_KS11_0bDOH	Clade_36	non_elongating_reduced/bOH
tartrolon_TrtF3_KS11_redaDMe	Clade_38	mainly reduced
tartrolon_TrtD_KS22_red	Clade_38	mainly reduced
tartrolon_TrtE4_KS7_bLOH	Clade_38	mainly reduced
rhizoxins_RhiF1_KS15_vinylogous	Clade_39	vinylogous_chain_branching
dorrigocin_migrastatin_MgsE3_KS3_vinylogous	Clade_39	vinylogous_chain_branching
cycloheximide_ChxE3_KS3_vinylogous	Clade_39	vinylogous_chain_branching
9-methylstreptimidone_SmdI3_KS3_vinylogous	Clade_39	vinylogous_chain_branching
enacyloxin_Bamb_59221_KS5_bDOH	Clade_98	b_OH/eDB(enacyloxins)
enacyloxin_Bamb_59231_KS4_bLOH	Clade_98	b_OH/eDB(enacyloxins)
enacyloxin_Bamb_59201_KS8_eDB	Clade_98	b_OH/eDB(enacyloxins)
enacyloxin_Bamb_59191_KS10_bketo	Clade_98	b_OH/eDB(enacyloxins)
enacyloxin_Bamb_59242_KS2_eDB	Clade_98	b_OH/eDB(enacyloxins)
enacyloxin_Bamb_59243_KS3_bDOH	Clade_98	b_OH/eDB(enacyloxins)
enacyloxin_Bamb_59212_KS7_bDOH	Clade_98	b_OH/eDB(enacyloxins)
bongkrekic_acid_BonA_KS11_GNATstarter	Clade_40	cis-AT PKS-like
enacyloxin_Bamb_59202_KS9_aMeDB	Clade_40	cis-AT PKS-like
2qo3_chainA_EryKS3_OUTGROUP	Clade_40	cis-AT PKS-like
2hg4_chainA_EryKS5_OUTGROUP	Clade_40	cis-AT PKS-like
SIA7248_SiaI1_KS13_2biMod_OH	Clade_40	cis-AT PKS-like
psymberin_PsyD9_KS11_bketo	Clade_40	cis-AT PKS-like
misakinolide_MisC1_KS1_acetylStarter	Clade_41	acetyl_Starter
myxopyronin_MxnK1_KS7_starter	Clade_41	acetyl_Starter
corallopyronin_CorK1_KS7_acetyl	Clade_41	acetyl_Starter
macrolactin_MlnB1_KS1_acetylStarter	Clade_41	acetyl_Starter
chlorotonil_CtoC1_KS1_acetylStarter	Clade_41	acetyl_Starter
anthracimycin_AtcD1_KS1_acetylStarter	Clade_41	acetyl_Starter
disorazole_DszA1_KS1_acetylStarter	Clade_41	acetyl_Starter
tartrolon_TrtE1_KS4_eDB	Clade_42	DB/DB_Starter
difficidin_DifF1_KS1_unusualStarters_acryloyl	Clade_42	DB/DB_Starter
disorazole_DszA2_KS2_eDB	Clade_42	DB/DB_Starter
myxopyronin_MxnK2_KS8_0red	Clade_42	DB/DB_Starter
corallopyronin_CorK2_KS8_eDB	Clade_42	DB/DB_Starter
disorazole_DszB2_KS6_zDB	Clade_43	zDB
disorazole_DszB1_KS5_zDB	Clade_43	zDB
oxazolomycin_OzmN3_KS4_zDB	Clade_43	zDB
rhizoxins_RhiB2_KS3_AAoxa	Clade_44	oxazole/thiazole
calyculin_CalC2_KS8_AAoxa	Clade_44	oxazole/thiazole
chivosazole_ChiD2_KS11_AAoxz	Clade_44	oxazole/thiazole
rhizopodin_RizD2_KS12_AAoxa	Clade_44	oxazole/thiazole
SIA7248_SiaD1_KS1_unusualStarter_lactate	Clade_45	lactate_Starter
tartrolon_TrtD1_KS1_unusualStarter_lactate	Clade_45	lactate_Starter
bryostatin_BryA1_KS1_lactateStarter	Clade_45	lactate_Starter
FR901464_Fr9C1_KS1_unusualstarter_lactate	Clade_45	lactate_Starter
thailanstatin_TstC1_KS1_lactateStarter	Clade_45	lactate_Starter
calyculin_CalG2_KS22_aMeDB	Clade_47	aMe_eDB
sorangicin_SorA4_KS4_aMeeDB	Clade_47	aMe_eDB
sorangicin_SorC1_KS12_eDB	Clade_47	aMe_eDB
thailandamide_TaiM3_KS15_aMeeDB	Clade_47	aMe_eDB
malleilactone_burkholderic_acid_BurF2_KS2_aMeeDB	Clade_47	aMe_eDB
rhizoxins_RhiC1_KS6_aMeeDB	Clade_47	aMe_eDB
albicidin_AlbI2_KS2_aMeeDB	Clade_47	aMe_eDB
FR901464_Fr9F4_KS7_aMeeDB	Clade_47	aMe_eDB
thailanstatin_TstDEF4_KS7_aMeeDB	Clade_47	aMe_eDB
difficidin_DifI1_KS7_aMezDB	Clade_47	aMe_eDB
elansolid_Csan_ElaQ3_KS13_aMeDB	Clade_47	aMe_eDB
elansolid_Cpin_ElsP3_KS13_aMeDB	Clade_47	aMe_eDB
elansolid_Cpin_ElsI2_KS2_eDB	Clade_47	aMe_eDB
elansolid_Csan_ElaJ2_KS2_eDB	Clade_47	aMe_eDB
bacillaene_Bsub_PksM2_KS9_zDBaMe	Clade_47	aMe_eDB
bacillaene_Bamy_BaeM2_KS9_zDBaMe	Clade_47	aMe_eDB
rhizoxins_RhiB3_KS4_aMeeDB	Clade_47	aMe_eDB
tolytoxin_TtoF4_KS18_aMeeDB	Clade_47	aMe_eDB
misakinolide_MisF4_KS18_aMeeDB	Clade_47	aMe_eDB
difficidin_DifF2_KS2_aMeeDB	Clade_47	aMe_eDB
chivosazole_ChiC4_KS7_eDB	Clade_48	aMe_eDB
oxazolomycin_OzmH1_KS5_aMezDB	Clade_48	aMe_eDB
myxopyronin_MxnJ2_KS5_0redaLMe	Clade_48	aMe_eDB
corallopyronin_CorJ2_KS5_0aMe	Clade_48	aMe_eDB
chivosazole_ChiF1_KS15_aMeeDB	Clade_48	aMe_eDB
lankacidin_LkcC1_KS2_aMeeDB	Clade_48	aMe_eDB
leinamycin_LnmJ3_KS6_aMeDB	Clade_48	aMe_eDB
myxopyronin_MxnK5_KS11_aMeDB	Clade_48	aMe_eDB
corallopyronin_CorL4_KS13_aMeDB	Clade_48	aMe_eDB
chlorotonil_CtoC2_KS2_bOH	Clade_50	b_OH
anthracimycin_AtcD2_KS2_bOH	Clade_50	b_OH
macrolactin_MlnB2_KS2_bDOH	Clade_50	b_OH
misakinolide_MisC3_KS3_0bimod_bDOMe	Clade_49	non_elongating_b_OH
luminaolid_LumA3_KS3_0bimod_aDMebDOH	Clade_49	non_elongating_b_OH
tolytoxin_TtoC3_KS3_0aDMebDOH	Clade_49	non_elongating_b_OH
rhizopodin_RizE1_KS17_obimod_bLOH	Clade_49	non_elongating_b_OH
rhizopodin_RizB3_KS3_0bimod_aDMebDOH	Clade_49	non_elongating_b_OH
rhizopodin_RizD3_KS13_0bimod_bDOH	Clade_49	non_elongating_b_OH
rhizopodin_RizB7_KS7_0bimodbDOH	Clade_49	non_elongating_b_OH
chivosazole_ChiC6_KS9_0aDMebDOH	Clade_49	non_elongating_b_OH
tartrolon_TrtF1_KS9_bDOH	Clade_51	b_OH
griseoviridin_SgvE32_KS6_bLOH	Clade_51	b_OH
virginiamycin_VirG1_KS6_bDOH	Clade_51	b_OH
thailandamide_TaiL3_KS11_bDOH	Clade_52	b_OH/eDB
dorrigocin_migrastatin_MgsF1_KS4_bDOH_eDB	Clade_52	b_OH/eDB
cycloheximide_ChxE4_KS4_bDOH	Clade_52	b_OH/eDB
9-methylstreptimidone_SmdI4_KS4_eDB	Clade_52	b_OH/eDB
FR901464_Fr9GH2_KS10_exometh	Clade_52	b_OH/eDB
thailanstatin_TstGH2_KS9_bDOH	Clade_52	b_OH/eDB
myxovirescin_Ta14_KS4_bLOH	Clade_53	mostly_a_OH_b_OH
thiomarinol_TmpA2_KS6_aDOHbDOH	Clade_53	mostly_a_OH_b_OH
mupirocin_MmpA2_KS6_aDOHbDOH	Clade_53	mostly_a_OH_b_OH
calyculin_CalF2_KS17_aDOHbDOH	Clade_53	mostly_a_OH_b_OH
onnamide_OnnB2_KS2_aLMeDOH	Clade_58	a_LMe_b_DOH
nosperin_NspA2_KS2_aLMebDOH	Clade_58	a_LMe_b_DOH
diaphorin_DipP2_KS2_aLMebDOH	Clade_58	a_LMe_b_DOH
pederin_PedI2_KS2_aLMebDOH	Clade_58	a_LMe_b_DOH
psymberin_PsyD3_KS5_bDOH	Clade_59	b_DOH
onnamide_OnnI3_KS6_bDOH	Clade_59	b_DOH
pederin_PedF3_KS6_bDOH	Clade_59	b_DOH
diaphorin_DipT3_KS6_bDOH	Clade_59	b_DOH
bryostatin_BryD2_KS13_0bDOH	Clade_60	
misakinolide_MisF3_KS17_bDOH	Clade_59	b_DOH
tolytoxin_TtoF3_KS17_bDOH	Clade_59	b_DOH
luminaolid_LumE3_KS17_bDOH	Clade_59	b_DOH
misakinolide_MisE3_KS13_bDOH	Clade_59	b_DOH
tolytoxin_TtoE7_KS13_bDOH	Clade_59	b_DOH
luminaolid_LumD3_KS13_bDOH	Clade_59	b_DOH
FR901464_Fr9C2_KS2_0bOH	Clade_60	non_elongating_b_OH
thailanstatin_TstC2_KS2_0bOH	Clade_60	non_elongating_b_OH
nosperin_NspC5_KS5_aMebOH	Clade_60	non_elongating_b_OH
bryostatin_BryC4_KS11_0bDOH	Clade_60	non_elongating_b_OH
luminaolid_LumD1_KS11_0bimod_bDOH	Clade_60	non_elongating_b_OH
misakinolide_MisE1_KS11_0bDOH	Clade_60	non_elongating_b_OH
tolytoxin_TtoE5_KS11_0bDOH	Clade_60	non_elongating_b_OH
calyculin_CalE5_KS14_0bLOH	Clade_60	non_elongating_b_OH
calyculin_CalF3_KS18_0bDOH	Clade_60	non_elongating_b_OH
thailandamide_TaiN1_KS16_0aDMebDOH	Clade_60	non_elongating_b_OH
oxazolomycin_OzmJ2_KS11_0aLOMebketo	Clade_60	non_elongating_b_OH
rhizoxins_RhiE3_KS14_0eDB	Clade_61	non_elongating_DB_before_branching
dorrigocin_migrastatin_MgsE2_KS2_0zDB	Clade_61	non_elongating_DB_before_branching
cycloheximide_ChxE2_KS2_0zDB	Clade_61	nnon_elongating_DB_before_branching
9-methylstreptimidone_SmdI2_KS2_ozDB	Clade_61	non_elongating_DB_before_branching
rhizoxins_RhiB4_KS5_eDB	Clade_62	eDB
bryostatin_BryB3_KS6_eDB	Clade_62	eDB
bryostatin_BryX2_KS15_0	Clade_62	eDB
calyculin_CalC3_KS9_eDB	Clade_62	eDB
calyculin_CalG4_KS24_eDB	Clade_62	eDB
onnamide_OnnJ2_KS12_bimod_eDB	Clade_62	eDB
phormidolide_phmI_4_KS16_eDB	Clade_62	eDB
pederin_PedH3_KS12_bimod_bOH	Clade_62	eDB
FR901464_Fr9GH1_KS8_eDB	Clade_62	eDB
thailanstatin_TstGH1_KS8_eDB	Clade_62	eDB
difficidin_DifK1_KS13_eDB	Clade_62	eDB
thailandamide_TaiE2_KS6_eDB	Clade_57	eDB
thailandamide_TaiD3_KS3_eDB	Clade_63	mainly_eDB
SIA7248_SiaF2_KS5_bDOH	Clade_57	eDB
thiomarinol_TmpD3_KS3_eDB	Clade_63	mainly_eDB
mupirocin_MmpD3_KS3_eDB	Clade_63	mainly_eDB
thailandamide_TaiM2_KS14_eDB	Clade_63	mainly_eDB
dorrigocin_migrastatin_MgsF3_KS6_aMeeDB	Clade_63	mainly_eDB
thiomarinol_TmpB1_KS8_eDBbMe	Clade_63	mainly_eDB
mupirocin_MmpB1_KS8_esterification	Clade_63	mainly_eDB
mupirocin_MmpA3_KS7_bDOH	Clade_63	mainly_eDB
thiomarinol_TmpA3_KS7_bOH	Clade_63	mainly_eDB
elansolid_Cpin_ElsJ3_KS5_eDB	Clade_63	mainly_eDB
elansolid_Csan_ElaK3_KS5_eDB	Clade_63	mainly_eDB
elansolid_Cpin_ElsO3_KS10_zDB	Clade_63	mainly_eDB
elansolid_Csan_ElaP3_KS10_zDB	Clade_63	mainly_eDB
bongkrekic_acid_BonD2_KS11_eDB	Clade_57	eDB
bongkrekic_acid_BonA5_KS5_DB	Clade_57	eDB
bongkrekic_acid_BonB1_KS7_DB	Clade_57	eDB
bongkrekic_acid_BonC1_KS9_eDB	Clade_57	eDB
sorangicin_SorH2_KS21_eDB	Clade_64	eDB
sorangicin_SorB3_KS10_eDB	Clade_64	eDB
sorangicin_SorE3_KS17_eDB	Clade_64	eDB
kalimantacin_batumin_Bat25_KS6_eD	Clade_64	eDB
etnangien_EtnE2_KS6_eDB	Clade_64	eDB
etnangien_EtnE1_KS5_eDB	Clade_64	eDB
etnangien_EtnH2_KS16_eDB	Clade_64	eDB
sorangicin_SorI1_KS23_zDB	Clade_64	eDB
etnangien_EtnD4_KS4_eDB	Clade_64	eDB
SIA7248_SiaG3_KS10_eDB	Clade_64	eDB
bacillaene_Bamy_BaeL2_KS5_eD	Clade_64	eDB
bacillaene_Bsub_PksL2_KS5_eD	Clade_64	eDB
myxovirescin_Ta17_KS7_eDB	Clade_64	eDB
thailandamide_TaiL4_KS12_eDB	Clade_64	eDB
difficidin_DifJ1_KS11_zDB_zDB	Clade_65	double_bonds
elansolid_Cpin_ElsO1_KS8_eDB	Clade_65	double_bonds
elansolid_Csan_ElaP1_KS8_eDB	Clade_65	double_bonds
macrolactin_MlnG1_KS10_dH	Clade_65	double_bonds
macrolactin_MlnE1_KS7_bDOH	Clade_65	double_bonds
macrolactin_MlnD1_KS5_eDB	Clade_65	double_bonds
luminaolid_LumB2_KS5_bketo	Clade_65	double_bonds
tolytoxin_TtoD2_KS5_bketo	Clade_65	double_bonds
macrolactin_MlnC1_KS4_eDB	Clade_65	double_bonds
macrolactin_MlnF1_KS9_zD_zDB	Clade_65	double_bonds
legioliulin_LglD2_KS2_eDB	Clade_68	double_bonds
chivosazole_ChiE1_KS13_zDB_eDB	Clade_68	double_bonds
chlorotonil_CtoE1_KS9_DB_DA	Clade_68	double_bonds
rhizopodin_RizB5_KS5_bketo	Clade_67	various
SIA7248_SiaG2_KS9_eDB	Clade_67	various
rhizopodin_RizD5_KS15_bimod_bOH	Clade_67	various
virginiamycin_VirA4_KS4_eDB	Clade_66	double_bonds
griseoviridin_SgvE22_KS4__eDB	Clade_66	double_bonds
anthracimycin_AtcE_KS5_eDB	Clade_66	double_bonds
oxazolomycin_OzmN2_KS3_eDB	Clade_66	double_bonds
kirromycin_KirAIV2_KS8_aMeeDB	Clade_66	double_bonds
kirromycin_KirAIV1_KS7_eDB	Clade_66	double_bonds
anthracimycin_AtcE_KS6_eDB	Clade_66	double_bonds
oxazolomycin_OzmH3_KS7_eDB	Clade_66	double_bonds
lankacidin_LkcF1_KS3_bDOH	Clade_66	double_bonds
anthracimycin_AtcF2_KS9_eDB_DA	Clade_66	double_bonds
leinamycin_LnmJ1_KS4_eDB	Clade_66	double_bonds
kirromycin_KirAV1_KS12_eDB	Clade_66	double_bonds
kirromycin_KirAII1_KS3_eDB	Clade_66	double_bonds
chlorotonil_CtoD2_KS6_eDB	Clade_66	double_bonds
disorazole_DszB3_KS7_eDB	Clade_66	double_bonds
chlorotonil_CtoD1_KS5_eDB	Clade_66	double_bonds
chivosazole_ChiF3_KS17_eDB_zDB	Clade_66	double_bonds
chivosazole_ChiC3_KS6_eDB_zDB	Clade_66	double_bonds
SIA7248_SiaH_KS11_eDB	Clade_70	eDB
rhizopodin_RizD6_KS16_eDB	Clade_70	eDB
oocydin_Smar_OocS2_KS14_aMezDB	Clade_69	zDB
oocydin_Ddad_OocS2_KS14_aMezDB	Clade_69	zDB
tolytoxin_TtoF1_KS15_zDB	Clade_69	zDB
luminaolid_LumE1_KS15_zDB	Clade_69	zDB
misakinolide_MisF1_KS15_zDB	Clade_69	zDB
bacillaene_Bamy_BaeM1_KS8_zDB	Clade_69	zDB
bacillaene_Bsub_PksM1_KS8_zDB	Clade_69	zDB
bacillaene_Bamy_BaeL1_KS4_zD	Clade_69	zDB
bacillaene_Bsub_PksL1_KS4_zD	Clade_69	zDB
difficidin_DifH1_KS6_zDB	Clade_69	zDB
oxazolomycin_OzmH5_KS9_eDB	Clade_69	zDB
thailandamide_TaiL1_KS9_eDB	Clade_69	zDB
kalimantacin_batumin_Bat31_KS8_eDB	Clade_69	zDB
thailandamide_TaiL2_KS10_bketo	Clade_71	b_keto
psymberin_PsyD8_KS10_aMebketo	Clade_71	b_keto
legioliulin_LglD4_KS4_bketo	Clade_71	b_keto
SIA7248_SiaH_KS12_bketo	Clade_71	b_keto
nosperin_NspC3_KS6_0biomod_aMeeDB	Clade_72	non_elongating_aMeeDB
bacillaene_Bamy_BaeR1_KS13_0aMeDB	Clade_72	non_elongating_aMeeDB
bacillaene_Bsub_PksR1_KS14_OaMeDB	Clade_72	non_elongating_aMeeDB
calyculin_CalH3_KS27_eDB	Clade_72	non_elongating_aMeeDB
onnamide_OnnI7_KS10_0red	Clade_72	non_elongating_aMeeDB
rhizoxins_RhiD3_KS11_0bimod_aMeeDB	Clade_72	non_elongating_aMeeDB
rhizopodin_RizC2_KS10_bDOH	Clade_73	non_elongating
disorazole_DszC1_KS2_0AAoxz	Clade_73	non_elongating
chivosazole_ChiF4_KS18_0zDB	Clade_73	non_elongating
enacyloxin_Bamb_59192_KS11_0eDB	Clade_74	non_elongating_DB
pederin_PedH4_KS13_0eDB	Clade_74	non_elongating_DB
mupirocin_MmpE1_KS9_cyclization	Clade_74	non_elongating_DB
rhizoxins_RhiF2_KS16_0eDB	Clade_74	non_elongating_DB
tolytoxin_TtoF5_KS19_0eDB	Clade_74	non_elongating_DB
luminaolid_LumE4_KS18_0bDOH	Clade_74	non_elongating_DB
misakinolide_MisF5_KS19_0eDB	Clade_74	non_elongating_DB
elansolid_Csan_ElaR1_KS14_0eDB	Clade_74	non_elongating_DB
elansolid_ElsQ1_KS14_0eDB	Clade_74	non_elongating_DB
sorangicin_SorI2_KS24_0zDB	Clade_55	non_elongating_DB
bongkrekic_acid_BonD3_KS12_0vinylbranch	Clade_55	non_elongating_DB
sorangicin_SorB1_KS8_0zDB	Clade_55	non_elongating_DB
calyculin_CalC1_KS7_KS0oxa	Clade_75	non_elongating_oxazole/thiazole
rhizoxins_RhiB1_KS2_0AAoxa	Clade_75	non_elongating_oxazole/thiazole
chivosazole_ChiD1_KS10_0AAoxz	Clade_75	non_elongating_oxazole/thiazole
rhizopodin_RizD1_KS11_0AAoxa	Clade_75	non_elongating_oxazole/thiazole
disorazole_DszC1_KS9_0AAoxz	Clade_75	non_elongating_oxazole/thiazole
virginiamycin_VirH1_KS7_0AAoxz	Clade_75	non_elongating_oxazole/thiazole
griseoviridin_SgvE41_KS7_bDOH	Clade_75	non_elongating_oxazole/thiazole
leinamycin_LnmI1_KS1_0AAoxz	Clade_75	non_elongating_oxazole/thiazole
phormidolide_phmH_2_KS10_aMebOH	Clade_77	aOH_bOH
oocydin_Ddad_OocN2_KS6_aDOHbLOH	Clade_77	aOH_bOH
oocydin_Smar_OocN2_KS6_aDOHbLOH	Clade_77	aOH_bOH
elansolid_Csan_ElaQ2_KS12_bLOH	Clade_78	b_L_OH
elansolid_Cpin_ElsP2_KS12_bLOH	Clade_78	b_L_OH
kalimantacin_batumin_Bat22_KS3_bOH	Clade_56	b_L_OH
sorangicin_SorA5_KS5_aLOHbLOH	Clade_56	b_L_OH
sorangicin_SorD2_KS14_bLOH	Clade_56	b_L_OH
difficidin_DifI2_KS8_bOH	Clade_56	b_L_OH
thailandamide_TaiD2_KS2_bLOH	Clade_56	b_L_OH
oocydin_Smar_OocN3_KS7_bLOH	Clade_56	b_L_OH
oocydin_Ddad_OocN3_KS7_bLOH	Clade_56	b_L_OH
phormidolide_phmH_3_KS11_bOH	Clade_56	b_L_OH
rhizoxins_RhiE2_KS13_bLOH	Clade_56	b_L_OH
bryostatin_BryB4_KS7_bLOH	Clade_56	b_L_OH
bryostatin_BryD1_KS12_bLOH	Clade_56	b_L_OH
bryostatin_BryA2_KS2_bLOH	Clade_56	b_L_OH
diaphorin_DipT6_KS9_bLOH	Clade_56	b_L_OH
pederin_PedF6_KS9_bLOH	Clade_56	b_L_OH
onnamide_OnnI6_KS9_bLOH	Clade_56	b_L_OH
misakinolide_MisD3_KS9_bLOH	Clade_56	b_L_OH
tolytoxin_TtoE3_KS9_bLOH	Clade_56	b_L_OH
luminaolid_LumC3_KS9_bLOH	Clade_56	b_L_OH
psymberin_PsyD7_KS9_bLOH	Clade_56	b_L_OH
bongkrekic_acid_BonA4_KS4_bLOH	Clade_56	b_L_OH
SIA7248_SiaE1_KS2_bDOH	Clade_56	b_L_OH
SIA7248_SiaE2_KS3_bLOH	Clade_56	b_L_OH
SIA7248_SiaF1_KS4_bDOH	Clade_56	b_L_OH
SIA7248_SiaF3_KS6_bDOH	Clade_56	b_L_OH
SIA7248_SiaF4_KS7_bDOH	Clade_56	b_L_OH
oocydin_Ddad_OocS3_KS15_0bLOH	Clade_79	non_elongating_b_L_OH
oocydin_Smar_OocS3_KS15_0bLOH	Clade_79	non_elongating_b_L_OH
elansolid_Cpin_ElsO2_KS9_0bimod_bOH	Clade_79	non_elongating_b_L_OH
elansolid_Csan_ElaP2_KS9_0bimod_bOH	Clade_79	non_elongating_b_L_OH
bacillaene_Bsub_PksM3_KS10_bOH	Clade_79	non_elongating_b_L_OH
etnangien_EtnG2_KS12_0bLOH	Clade_79	non_elongating_b_L_OH
etnangien_EtnI4_KS20_0bLOH	Clade_79	non_elongating_b_L_OH
etnangien_EtnF3_KS10_bLOH	Clade_79	non_elongating_b_L_OH
luminaolid_LumC1_KS7_aLMebLOMe_aLMebLOH	Clade_100	aMe_b_L_OH
misakinolide_MisD2_KS9_lH	Clade_100	aMe_b_L_OH
tolytoxin_TtoE1_KS7_aDMebDOH	Clade_100	aMe_b_L_OH
psymberin_PsyD4_KS6_adiMebDOH	Clade_80	aMe_b_L_OH
phormidolide_phmF_3_KS6_adiMebOH	Clade_80	aMe_b_L_OH
rhizoxins_RhiD1_K9_aMebDOH	Clade_80	aMe_b_L_OH
rhizoxins_RhiC2_KS7_aDMebLOH	Clade_80	aMe_b_L_OH
calyculin_CalF5_KS20_aLMebLOH	Clade_80	aMe_b_L_OH
calyculin_CalG1_KS21_aLMebLOH	Clade_80	aMe_b_L_OH
tolytoxin_TtoE4_KS10_aLMebLOH	Clade_80	aMe_b_L_OH
luminaolid_LumC4_KS10_aLMebLOH	Clade_80	aMe_b_L_OH
misakinolide_MisD4_KS10_aLMebLOH	Clade_80	aMe_b_L_OH
calyculin_CalE4_KS13_bLOH	Clade_80	aMe_b_L_OH
oxazolomycin_OzmJ1_KS10_aLMebLOH	Clade_80	aMe_b_L_OH
psymberin_PsyD6_KS8_aDMebLOH	Clade_80	aMe_b_L_OH
pederin_PedF4_KS7_adiMebDOH	Clade_80	aMe_b_L_OH
diaphorin_DipT4_KS7_adiMebOH	Clade_80	aMe_b_L_OH
onnamide_OnnI4_KS7_adiMebDOH	Clade_80	aMe_b_L_OH
oocydin_Ddad_OocS1_KS13_aMebOH	Clade_80	aMe_b_L_OH
oocydin_Smar_OocS1_KS13_aMebOH	Clade_80	aMe_b_L_OH
rhizopodin_RizD4_KS14_bDOMe	Clade_81	b_D_OMe
rhizopodin_RizB8_KS8_bDOMe	Clade_81	b_D_OMe
rhizopodin_RizE2_KS18_bLOMe	Clade_81	b_D_OMe
rhizopodin_RizB4_KS4_aDMebDOMe	Clade_81	b_D_OMe
luminaolid_LumB1_KS4_aDMebDOMe	Clade_81	b_D_OMe
tolytoxin_TtoD1_KS4_aDMebDOMe	Clade_81	b_D_OMe
misakinolide_MisC4_KS4_bOMe	Clade_81	b_D_OMe
myxopyronin_MxnK4_KS10_bMeDB	Clade_101	b_Me
corallopyronin_CorL3_KS12_bMeDB	Clade_101	b_Me
griseoviridin_SgvE31_KS5_eDB	Clade_102	b_Me
virginiamycin_VirF1_KS5_bMeeDB	Clade_102	b_Me
SIA7248_SiaG1_KS8_bMeDB	Clade_82	b_MeeDB
thailandamide_TaiM1_KS13_bMeeDB	Clade_82	b_MeeDB
thailandamide_TaiK1_KS7_bMeDB	Clade_82	b_MeeDB
bacillaene_Bsub_PksL3_KS6_bMeeDB	Clade_82	b_MeeDB
bacillaene_Bamy_BaeL3_KS6_bMeeDB	Clade_82	b_MeeDB
elansolid_Cpin_ElsN1_KS6_bMeDB	Clade_82	b_MeeDB
elansolid_Csan_ElaO1_KS6_bMeDB	Clade_82	b_MeeDB
oocydin_Smar_OocL2_KS4_eDBbMe	Clade_82	b_MeeDB
oocydin_Ddad_OocL2_KS4_eDBbMe	Clade_82	b_MeeDB
phormidolide_phmF_5_KS8_bMeeDB	Clade_82	b_MeeDB
phormidolide_phmI_1_KS13_bMeeDB	Clade_82	b_MeeDB
calyculin_CalG3_KS23_bMeDB	Clade_82	b_MeeDB
myxovirescin_Ta16_KS6_eDBbMe	Clade_82	b_MeeDB
etnangien_EtnE3_KS3_eDBbMe	Clade_82	b_MeeDB
bongkrekic_acid_BonA2_KS2_bMeDB	Clade_82	b_MeeDB
sorangicin_SorA6_KS6_zDB	Clade_82	b_MeeDB
etnangien_EtnG3_KS13_bLOMe	Clade_83	b_OMe
sorangicin_SorG2_KS19_bLOH	Clade_83	b_OMe
calyculin_CalF4_KS19_bDOMe	Clade_83	b_OMe
calyculin_CalE7_KS15_bLOH	Clade_83	b_OMe
tolytoxin_TtoE6_KS12_bDOMe	Clade_83	b_OMe
misakinolide_MisE2_KS12_bDOMe	Clade_83	b_OMe
luminaolid_LumD2_KS12_bDOMe	Clade_83	b_OMe
oxazolomycin_OzmK1_KS12_aLOMe	Clade_83	b_OMe
chlorotonil_CtoC4_KS4_aMezshDB	Clade_84	aMe_z_shifted_DB
chlorotonil_CtoD4_aMeshDB	Clade_84	aMe_z_shifted_DB
luminaolid_LumC2_KS8_aDMebDOH_bDOH	Clade_85	aMe_bOH
misakinolide_MisD2_KS8_bLOH	Clade_85	aMe_bOH
tolytoxin_TtoE2_KS8_aDMeDOH	Clade_85	aMe_bOH
disorazole_DszA3_KS3_adiMebLOH	Clade_85	aMe_bOH
chivosazole_ChiC1_KS4_aDMebDOH	Clade_85	aMe_bOH
phormidolide_phmI_5_KS_17_0bMeeDB	Clade_86	non_elongating_DB
oocydin_Ddad_OocS4_KS16_0	Clade_86	non_elongating_DB
oocydin_Smar_OocS4_KS16_0	Clade_86	non_elongating_DB
thailanstatin_TstC3_KS3_0eDB	Clade_86	non_elongating_DB
FR901464_Fr9C3_KS3_0eDB	Clade_86	non_elongating_DB
kalimantacin_batumin_Bat34_KS11_redbMe	Clade_87	exometh/red_bMe
kalimantacin_batumin_Bat24_KS5_redbMe	Clade_87	exometh/red_bMe
etnangien_EtnD2_KS2_eDBbMe	Clade_87	exometh/red_bMe
kalimantacin_batumin_Bat33_KS10_exometh	Clade_87	exometh/red_bMe
myxovirescin_TaO1_KS8_redbethyl	Clade_87	exometh/red_bMe
bryostatin_BryB1_KS4_exoester	Clade_87	exometh/red_bMeh
bryostatin_BryC1_KS8_exoester	Clade_87	exometh/red_bMe
psymberin_PsyA2_KS2_exometh	Clade_87	exometh/red_bMe
phormidolide_phmI_2_KS14_exometh	Clade_87	exometh/red_bMe
oocydin_Smar_OocJ2_KS2_exometh	Clade_87	exometh/red_bMe
oocydin_Ddad_OocJ2_KS2_exometh	Clade_87	exometh/red_bMe
phormidolide_phmE_2_KS2_exometh	Clade_87	exometh/red_bMe
onnamide_OnnB3_KS3_exometh	Clade_87	exometh/red_bMe
nosperin_NspA3_KS3_exometh	Clade_87	exometh/red_bMe
pederin_PedI3_KS3_exometh	Clade_87	exometh/red_bMe
diaphorin_DipP3_KS3_exometh	Clade_87	exometh/red_bMe
FR901464_Fr9GH3_KS9_bDOH	Clade_87	exometh/red_bMe
thailanstatin_TstGH3_KS10_exometh	Clade_87	exometh/red_bMe
leinamycin_LnmJ2_KS5_bketo	Clade_89	b_keto
anthracimycin_AtcE_KS7_redaMe	Clade_89	b_keto
lankacidin_LkcG1_KS5_aMebketo	Clade_89	b_keto
misakinolide_MisD1_KS6_redaLMe	Clade_90	red_a_Me/shifted DB_a_Me
luminaolid_LumB3_KS6_redaLMe	Clade_90	red_a_Me/shifted DB_a_Me
tolytoxin_TtoD3_KS6_redaLMe	Clade_90	red_a_Me/shifted DB_a_Me
rhizopodin_RizC1_KS9_adiMebLOH	Clade_90	red_a_Me/shifted DB_a_Me
rhizopodin_RizB6_KS6_redaLMe	Clade_90	red_a_Me/shifted DB_a_Me
chlorotonil_CtoD3_KS7_redaMe	Clade_90	red_a_Me/shifted DB_a_Me
anthracimycin_AtcF1_KS8_shDB	Clade_90	red_a_Me/shifted DB_a_Me
anthracimycin_AtcD4_KS4_aMezshDB	Clade_90	red_a_Me/shifted DB_a_Me
chivosazole_ChiB3_KS3_aLMebLOH	Clade_90	red_a_Me/shifted DB_a_Me
phormidolide_phmE_1_KS1_phosphoglycerate	Clade_92	unusual_Starter
oocydin_Ddad_OocJ1_KS1_unusualStarter	Clade_92	unusual_Starter
oocydin_Smar_OocJ1_KS1_unusualStarter	Clade_92	unusual_Starter
chivosazole_ChiE2_KS14_aLMebLOH	Clade_99	aMe_bOH
etnangien_EtnI1_KS17_redaLMe	Clade_103	aMe_reduced
bongkrekic_acid_BonA3_KS3_aMeDB	Clade_93	aMe_red/bOH/bketo
bongkrekic_acid_BonD1_KS10_aLMe	Clade_93	aMe_red/bOH/bketo
FR901464_Fr9F2_KS5_redaLMe	Clade_93	aMe_red/bOH/bketo
thailanstatin_TstDEF2_KS5_redaLMe	Clade_93	aMe_red/bOH/bketo
sorangicin_SorA3_KS3_redaDMe	Clade_93	aMe_red/bOH/bketo
sorangicin_SorD1_KS13_aLOHbLOH	Clade_93	aMe_red/bOH/bketo
sorangicin_SorG1_KS18_aLMbLOH	Clade_93	aMe_red/bOH/bketo
myxovirescin_TaP1_KS1_redaDMe	Clade_93	aMe_red/bOH/bketo
basiliskamides_P615_BasE1_KS2_aLMe_red	Clade_93	aMe_red/bOH/bketo
basiliskamides_P615_BasF1_KS1_GNATstarter	Clade_93	aMe_red/bOH/bketo
calyculin_CalE6_KS16_adiMbketo	Clade_93	aMe_red/bOH/bketo
calyculin_CalB3_KS5_0redaLMe	Clade_93	aMe_red/bOH/bketo
sorangicin_SorE1_KS15_aDMbLOH	Clade_93	aMe_red/bOH/bketo
bryostatin_BryC3_KS10_adiMebketo	Clade_93	aMe_red/bOH/bketo
bryostatin_BryB2_KS5_adiMEbketo	Clade_93	aMe_red/bOH/bketo
thiomarinol_TmpD2_KS2_aLMebLOH	Clade_93	aMe_red/bOH/bketo
mupirocin_MmpD2_KS2_aLMebLOH	Clade_93	aMe_red/bOH/bketo
difficidin_DifL1_KS14_redaMe	Clade_93	aMe_red/bOH/bketo
elansolid_Csan_ElaK1_KS3_adiMebDOH	Clade_93	aMe_red/bOH/bketo
elansolid_Cpin_ElsJ1_KS3_adiMebDOH	Clade_93	aMe_red/bOH/bketo
elansolid_Csan_ElaK2_KS4_aMe	Clade_93	aMe_red/bOH/bketo
elansolid_Cpin_ElsJ2_KS4_aMe	Clade_93	aMe_red/bOH/bketo
dorrigocin_migrastatin_MgsF_4KS7_aDMebLOH	Clade_93	aMe_red/bOH/bketo
thiomarinol_TmpD4_KS4_aDOH	Clade_93	aMe_red/bOH/bketo
mupirocin_MmpD4_KS4_aDMe	Clade_93	aMe_red/bOH/bketo
dorrigocin_migrastatin_MgsF5_KS8_bLOH	Clade_93	aMe_red/bOH/bketo
dorrigocin_migrastatin_MgsF2_KS5_aDMebketodH	Clade_93	aMe_red/bOH/bketo
cycloheximide_ChxE5_KS5_aDMebketo	Clade_93	aMe_red/bOH/bketo
9-methylstreptimidone_SmdI_KS55_aDMebketo	Clade_93	aMe_red/bOH/bketo
etnangien_EtnF1_KS8_aDMebDOH	Clade_93	aMe_red/bOH/bketo
corallopyronin_CorL1_KS10_bMeDB	Clade_97	bMeDB
kirromycin_KirAIII4_KS6_AAgly	Clade_121	amino_acids
legioliulin_LglD1_KS1_aromaticStarter	Clade_125	aromatic starter
chivosazole_ChiB2_KS2_bDOH	Clade_124	b_DOH
disorazole_DszA4_KS4_bDOH	Clade_122	b_DOH
misakinolide_MisC5_KS5_LOH_or_DPY	Clade_123	non-canonical pyran
tartrolon_TrtE5_KS8_bketo	Clade_127	beet
etnangien_EtnH1_KS15_bimod_zDB	Clade_119	zDB
leinamycin_LnmI2_KS2_AAoxz	Clade_66	double_bonds
calyculin_CalE1_KS10_KS0ox	Clade_126	a_oxygenation
lankacidin_LkcF2_KS4_aDMebLOH	Clade_120	various
lankacidin_LkcA1_KS1_AAgly	Clade_120	various
tartrolon_TrtD_KS22_red	Clade_128	non_elongating aMe_red
legioliulin_LglE1_KS5_bOH	Clade_128	b_OH
myxovirescin_Ta12_KS2_bLOH	Clade_116	b_LOH
bryostatin_BryA_KS33_bDOH	Clade_115	b_DOH
phormidolide_phmF_2_KS5_bOH	Clade_117	b_OH
rhizoxins_RhiC3_KS8_bDOH	Clade_111	b_DOH
phormidolide_phmF_4_KS7_bOH	Clade_111	b_DOH
phormidolide_phmI_3_KS15_bOH	Clade_111	b_DOH
phormidolide_phmF_1_KS4_aMebOH	Clade_113	a_Me_b_OH
etnangien_EtnD3_KS3_bDOH	Clade_113	a_Me_b_OH
etnangien_EtnI3_KS19_aLMebDOH	Clade_113	a_Me_b_OH
etnangien_EtnI2_KS18_aLMebDOH	Clade_113	a_Me_b_OH
etnangien_EtnF2_KS9_bDOH	Clade_113	a_Me_b_OH
kalimantacin_batumin_Bat23_KS4_bOH	Clade_113	a_Me_b_OH
elansolid_Cpin_ElsP1_KS11_aLMebDOH	Clade_113	a_Me_b_OH
elansolid_Csan_ElaQ1_KS11_aLMebDOH	Clade_113	a_Me_b_OH
difficidin_DifG1_KS4_OH	Clade_113	a_Me_b_OH
basiliskamides_P615_BasE2_KS3_aDMebDOH	Clade_113	a_Me_b_OH
disorazole_DszB4_KS8_0zDB	Clade_110	non-elongating_zDB
tartrolon_TrtF2_KS10_0redaDMe	Clade_109	non-elongating_aMe_reduced
bryostatin_BryX3_KS16	Clade_114	unknown
corallopyronin_CorJ1_KS4_shDB	Clade_106	shifted_double_bonds
myxopyronin_MxnJ1_KS4_shDB	Clade_106	shifted_double_bonds
FR901464_Fr9I2_KS12_0pyran	Clade_108	non_elongating_pyran/furan
thailanstatin_TstI2_KS12_0pyran	Clade_108	non_elongating_pyran/furan
griseoviridin_SgvE12_KS2_bDOH	Clade_112	b_DOH
virginiamycin_VirA2_KS2_aLMebDOH	Clade_112	b_DOH
